"siteID","Lake_name","Other_names","lake_or_reservoir","location","region","latitude","longitude","geospatial_accuracy_km","elevation_m","mean_depth_m","max_depth_m","surface_area_km2","volume_km3","source","sampling_depth","sampling_time_of_day","time_period","contributor"
1,"Abaya",,"Lake","Ethiopia","Africa",6.48,37.90,2.00,1249.00,7.00,13.00,1083.70,8.20,"satellite","skin-derived bulk temperature","22:00-5:00","JFM","Philipp Schneider ps@nilu.no; Simon Hook simon.j.hook@jpl.nasa.gov"
2,"Ai.pi","Ebinur","Lake","China","Asia",44.86,83.02,2.00,166.00,11.89,15.00,600.20,7.14,"satellite","skin-derived bulk temperature","22:00-5:00","JAS","Philipp Schneider ps@nilu.no; Simon Hook simon.j.hook@jpl.nasa.gov"
3,"Alakol",,"Lake","Kazakhstan","Asia",46.00,81.78,2.00,336.00,22.00,54.00,2802.10,58.60,"satellite","skin-derived bulk temperature","22:00-5:00","JAS","Philipp Schneider ps@nilu.no; Simon Hook simon.j.hook@jpl.nasa.gov"
4,"Albert",,"Lake","Uganda Zaire","Africa",1.80,31.10,2.00,629.00,25.00,58.00,5401.90,132.00,"satellite","skin-derived bulk temperature","22:00-5:00","JFM","Philipp Schneider ps@nilu.no; Simon Hook simon.j.hook@jpl.nasa.gov"
5,"Aleknagik",,"Lake","United States","Western North America",59.35,-158.82,17.00,10.00,43.00,110.00,83.00,3.56,"in situ","0","10:00-18:00","JAS","Daniel Schindler deschind@uw.edu"
6,"Alexandrina",,"Lake","Australia","Oceania",-35.42,139.21,2.00,20.00,2.00,5.00,862.50,1.62,"satellite","skin-derived bulk temperature","22:00-5:00","JFM","Philipp Schneider ps@nilu.no; Simon Hook simon.j.hook@jpl.nasa.gov"
7,"Allequash",,"Lake","United States","Northeastern North America",46.04,-89.62,1.00,494.00,2.90,8.00,1.68,4.88e-03,"in situ","0","9:00-15:00","JAS","NTL LTER, Jordan Read jread@usgs.gov"
8,"Allgjuttern",,"Lake","Sweden","Europe",57.94,16.09,0.50,126.30,11.40,40.70,0.18,2.1e-03,"in situ","0","9:00-11:00","JAS","Gesa  Weyhenmeyer Gesa.Weyhenmeyer@ebc.uu.se"
9,"Almanor",,"Reservoir ","United States","Western North America",40.22,-121.10,2.00,1403.00,13.38,27.40,104.60,1.40,"satellite","skin-derived bulk temperature","22:00-5:00","JAS","Philipp Schneider ps@nilu.no; Simon Hook simon.j.hook@jpl.nasa.gov"
10,"Amadjuak",,"Lake","Canada","Northeastern North America",64.95,-71.11,2.00,112.00,,,3033.70,,"satellite","skin-derived bulk temperature","22:00-5:00","JAS","Philipp Schneider ps@nilu.no; Simon Hook simon.j.hook@jpl.nasa.gov"
11,"Annecy",,"Lake","France","Europe",45.86,6.16,1.00,447.00,41.00,65.00,27.00,1.10,"in situ","2.5","9:00-11:30","JAS","Orlane Anneville orlane.anneville@thonon.inra.fr"
12,"Annie",,"Lake","United States","Southeastern North America",27.20,-81.35,0.50,33.70,6.00,21.00,0.36,3.0e-03,"in situ","0","continuous","JAS","Kye Ewing kewing@archbold-station.org; Hilary Swain hswain@archbold-station.org"
13,"Apopka",,"Lake","United States","Southeastern North America",28.61,-81.61,8.00,20.00,1.60,3.00,125.00,0.26,"in situ","0","9:00-12:00","JAS","Karl Havens khavens@ufl.edu"
14,"Aral.Sea",,"Lake","Kazakhstan Uzbekistan","Middle East",44.80,58.44,2.00,42.00,16.00,67.00,65966.80,625.00,"satellite","skin-derived bulk temperature","22:00-5:00","JAS","Philipp Schneider ps@nilu.no; Simon Hook simon.j.hook@jpl.nasa.gov"
15,"Argentina",,"Lake","Argentina Chile","South America",-50.23,-72.36,2.00,225.00,150.00,500.00,1401.90,219.90,"satellite","skin-derived bulk temperature","22:00-5:00","JFM","Philipp Schneider ps@nilu.no; Simon Hook simon.j.hook@jpl.nasa.gov"
16,"Argyle",,"Reservoir","Australia","Oceania",-16.29,128.82,2.00,79.00,10.92,63.00,980.00,10.70,"satellite","skin-derived bulk temperature","22:00-5:00","JAS","Philipp Schneider ps@nilu.no; Simon Hook simon.j.hook@jpl.nasa.gov"
17,"Ashokan.East",,"Reservoir","United States","Northeastern North America",41.97,-74.15,5.00,178.95,16.70,32.90,20.87,0.34,"in situ","1","9:00-14:00","JAS","Nihar Samal NSamal@dep.nyc.gov"
18,"Ashokan.West",,"Reservoir","United States","Northeastern North America",41.96,-74.25,5.00,179.83,15.60,56.40,12.76,0.18,"in situ","1","9:00-14:00","JAS","Nihar Samal NSamal@dep.nyc.gov"
19,"Athabasca",,"Lake","Canada","Western North America",59.47,-109.39,2.00,212.00,26.00,124.00,7781.60,204.00,"satellite","skin-derived bulk temperature","22:00-5:00","JAS","Philipp Schneider ps@nilu.no; Simon Hook simon.j.hook@jpl.nasa.gov"
20,"Atitlan",,"Lake","Guatemala","South America",14.70,-91.19,2.00,1615.00,220.00,342.00,123.60,24.00,"satellite","skin-derived bulk temperature","22:00-5:00","JFM","Philipp Schneider ps@nilu.no; Simon Hook simon.j.hook@jpl.nasa.gov"
21,"Ayakkum","Ayak Kum, Ayak Kum Kul","Lake","China","Asia",37.55,89.45,2.00,4161.00,,,575.10,,"satellite","skin-derived bulk temperature","22:00-5:00","JAS","Philipp Schneider ps@nilu.no; Simon Hook simon.j.hook@jpl.nasa.gov"
22,"Bahral.Milh","Razazza","Reservoir","Iraq","Middle East",32.74,43.53,2.00,36.00,14.00,40.00,1810.00,25.00,"satellite","skin-derived bulk temperature","22:00-5:00","JAS","Philipp Schneider ps@nilu.no; Simon Hook simon.j.hook@jpl.nasa.gov"
23,"Baikal.North",,"Lake","Russia","Asia",54.20,108.97,2.00,450.00,730.00,1637.00,31924.60,23000.00,"satellite","skin-derived bulk temperature","22:00-5:00","JAS","Philipp Schneider ps@nilu.no; Simon Hook simon.j.hook@jpl.nasa.gov"
24,"Baikal.South",,"Lake","Russia","Asia",51.64,104.71,60.00,450.00,730.00,1637.00,31924.60,23000.00,"in situ","0","8:00-16:00","JAS","Eugene Silow; Lyubov Izmest eva"
25,"Balaton",,"Lake","Hungary","Europe",46.98,18.06,2.00,126.00,3.25,12.20,578.20,1.90,"satellite","skin-derived bulk temperature","22:00-5:00","JAS","Philipp Schneider ps@nilu.no; Simon Hook simon.j.hook@jpl.nasa.gov"
26,"Balkhash",,"Lake","Kazakhstan","Asia",46.30,74.50,2.00,329.00,5.80,25.60,17458.80,106.00,"satellite","skin-derived bulk temperature","22:00-5:00","JAS","Philipp Schneider ps@nilu.no; Simon Hook simon.j.hook@jpl.nasa.gov"
27,"Bangweulu",,"Lake","Zambia","Africa",-10.99,29.89,2.00,1170.00,4.00,10.00,2049.10,5.00,"satellite","skin-derived bulk temperature","22:00-5:00","JAS","Philipp Schneider ps@nilu.no; Simon Hook simon.j.hook@jpl.nasa.gov"
28,"Barossa",,"Reservoir","Australia","Oceania",-34.65,138.84,1.50,230.20,7.28,25.92,0.62,4.5e-03,"in situ","0","8:00-12:00","JFM","Rob Daly Rob.Daly@sawater.com.au"
29,"Barun.Torey",,"Lake","Russia","Asia",50.00,115.52,2.00,595.00,1.76,4.60,783.40,1.38,"satellite","skin-derived bulk temperature","22:00-5:00","JAS","Philipp Schneider ps@nilu.no; Simon Hook simon.j.hook@jpl.nasa.gov"
30,"Bay",,"Lake","Philippines","Oceania",14.41,121.13,2.00,12.00,2.80,7.30,883.70,3.20,"satellite","skin-derived bulk temperature","22:00-5:00","JFM","Philipp Schneider ps@nilu.no; Simon Hook simon.j.hook@jpl.nasa.gov"
31,"Beauclair",,"lake","United States","Southeastern North America",28.76,-81.66,1.00,19.00,2.00,2.40,4.30,0.01,"in situ","0","9:00-12:00","JAS","Karl Havens khavens@ufl.edu"
32,"Becharof",,"Lake","United States","Western North America",57.98,-156.64,2.00,22.00,,92.00,1184.50,,"satellite","skin-derived bulk temperature","22:00-5:00","JAS","Philipp Schneider ps@nilu.no; Simon Hook simon.j.hook@jpl.nasa.gov"
33,"Beetaloo",,"Reservoir","Australia","Oceania",-33.18,138.21,1.00,367.40,9.63,24.25,0.33,3.2e-03,"in situ","0","8:00-12:00","JFM","Rob Daly Rob.Daly@sawater.com.au"
34,"Beloye",,"Lake","Russia","Europe",60.18,37.64,2.00,122.00,4.50,20.00,1095.40,6.20,"satellite","skin-derived bulk temperature","22:00-5:00","JAS","Philipp Schneider ps@nilu.no; Simon Hook simon.j.hook@jpl.nasa.gov"
35,"Beysehir",,"Lake","Turkey","Middle East",37.70,31.56,2.00,1148.00,5.00,9.00,659.60,3.0e-03,"satellite","skin-derived bulk temperature","22:00-5:00","JAS","Philipp Schneider ps@nilu.no; Simon Hook simon.j.hook@jpl.nasa.gov"
36,"Big.Muskellunge",,"Lake","United States","Northeastern North America",46.02,-89.61,1.50,250.00,7.50,21.30,3.96,0.02,"in situ","0","9:00-15:00","JAS","NTL LTER, Jordan Read jread@usgs.gov"
37,"Biwa.ko",,"Lake","Japan","Asia",35.33,136.17,25.00,69.00,41.00,104.00,658.50,27.50,"in situ","0.5","9:00-15:00","JAS","Michio Kumagai kumagai-m@lberi.jp"
38,"Blommesteinmeer.Brokopondo",,"Reservoir","Suriname","South America",4.86,-55.05,2.00,46.00,11.50,46.90,1631.40,22.70,"satellite","skin-derived bulk temperature","22:00-5:00","JFM","Philipp Schneider ps@nilu.no; Simon Hook simon.j.hook@jpl.nasa.gov"
39,"Blue.Chalk",,"Lake","Canada","Northeastern North America",45.19,-78.93,0.75,343.50,8.50,23.00,0.52,4.47e-03,"in situ","0.1","10:00-14:00","JAS","Jim Rusak Jim.Rusak@ontario.ca"
40,"Blue.Cypress",,"Lake","United States","Southeastern North America",27.72,-80.75,4.00,7.00,2.30,3.10,28.00,0.06,"in situ","0","9:00-12:00","JAS","Karl Havens khavens@ufl.edu"
41,"BoengTonleChhma",,"Lake","Cambodia","Asia",13.04,103.92,2.00,4.00,1.00,10.00,2569.90,2.56,"satellite","skin-derived bulk temperature","22:00-5:00","JFM","Philipp Schneider ps@nilu.no; Simon Hook simon.j.hook@jpl.nasa.gov"
42,"Bosten",,"Lake","China","Asia",41.99,86.98,2.00,1062.00,9.70,15.70,999.50,8.00,"satellite","skin-derived bulk temperature","22:00-5:00","JAS","Philipp Schneider ps@nilu.no; Simon Hook simon.j.hook@jpl.nasa.gov"
43,"Bourget",,"Lake","France Savoie","Europe",45.73,5.86,1.00,231.00,80.00,145.00,44.00,3.52,"in situ","2","9:00-11:30","JAS","Orlane Anneville orlane.anneville@thonon.inra.fr"
44,"BrasDOr",,"Lake","Canada","Northeastern North America",45.84,-60.79,2.00,35.00,33.50,287.00,953.80,32.00,"satellite","skin-derived bulk temperature","22:00-5:00","JAS","Philipp Schneider ps@nilu.no; Simon Hook simon.j.hook@jpl.nasa.gov"
45,"Bratskoye",,"Reservoir","Russia","Asia",55.62,101.99,2.00,399.00,31.10,150.00,4476.50,169.30,"satellite","skin-derived bulk temperature","22:00-5:00","JAS","Philipp Schneider ps@nilu.no; Simon Hook simon.j.hook@jpl.nasa.gov"
46,"Brunnsjon","Brunnsj�n","Lake","Sweden","Europe",56.59,15.72,0.20,94.40,5.30,10.60,0.10,5.71e-04,"in situ","0","9:00-11:00","JAS","Gesa  Wehenmeyer Gesa.Weyhenmeyer@ebc.uu.se"
47,"Buenos.Aires","General Carrera","Lake","Argentina Chile","South America",-46.49,-71.45,2.00,451.00,,586.00,1848.20,,"satellite","skin-derived bulk temperature","22:00-5:00","JFM","Philipp Schneider ps@nilu.no; Simon Hook simon.j.hook@jpl.nasa.gov"
48,"BuhayratAthTharthar",,"Reservoir","Iraq","Middle East",33.88,43.30,2.00,48.00,40.00,65.00,2119.40,35.18,"satellite","skin-derived bulk temperature","22:00-5:00","JAS","Philipp Schneider ps@nilu.no; Simon Hook simon.j.hook@jpl.nasa.gov"
49,"Burragorang.14.km.S.of.Dam.Wall",,"Reservoir","Australia","Oceania",-33.88,150.00,20.00,116.70,27.10,105.00,75.00,2.03,"in situ","0","8:00-12:00","JFM","Tracey Schultz Tracey.Schultz@sca.nsw.gov.au"
50,"Burragorang.4.km.Butchers",,"Reservoir","Australia","Oceania",-33.88,150.60,20.00,116.70,27.10,105.00,75.00,2.03,"in situ","0","8:00-12:00","JFM","Tracey Schultz Tracey.Schultz@sca.nsw.gov.au"
51,"Burragorang.500m.S.of.Dam.Wall",,"Reservoir","Australia","Oceania",-33.88,150.60,20.00,116.70,27.10,105.00,75.00,2.03,"in situ","0","8:00-12:00","JFM","Tracey Schultz Tracey.Schultz@sca.nsw.gov.au"
52,"Burragorang.9.km.S.of.Dam.Wall",,"Reservoir","Australia","Oceania",-33.88,150.60,20.00,116.70,27.10,105.00,75.00,2.03,"in situ","0","8:00-12:00","JFM","Tracey Schultz Tracey.Schultz@sca.nsw.gov.au"
53,"Burragorang.at.Woll.Arm",,"Reservoir","Australia","Oceania",-33.88,150.60,20.00,116.70,27.10,105.00,75.00,2.03,"in situ","0","8:00-12:00","JFM","Tracey Schultz Tracey.Schultz@sca.nsw.gov.au"
54,"Buyr","Bei er","Lake","Mongolia China","Asia",47.82,117.71,2.00,597.00,8.10,11.80,608.50,3.78,"satellite","skin-derived bulk temperature","22:00-5:00","JAS","Philipp Schneider ps@nilu.no; Simon Hook simon.j.hook@jpl.nasa.gov"
55,"CaboraBassa",,"Reservoir","Mozambique Zimbabwe","Africa",-15.61,32.32,2.00,420.00,20.90,157.00,4362.60,55.80,"satellite","skin-derived bulk temperature","22:00-5:00","JAS","Philipp Schneider ps@nilu.no; Simon Hook simon.j.hook@jpl.nasa.gov"
56,"Cannonsville",,"Reservoir","United States","Northeastern North America",42.06,-75.37,8.00,350.52,21.30,52.40,19.29,0.39,"in situ","1","9:00-14:00","JAS","Nihar Samal NSamal@dep.nyc.gov"
57,"Cardinia",,"Reservoir","Australia","Oceania",-37.96,145.41,4.00,167.00,22.20,81.00,12.95,0.28,"in situ","0","continuous","JFM","Shane Haydon shane.haydon@melbournewater.com.au"
58,"Carlton",,"Lake","United States","Southeastern North America",28.75,-81.66,1.00,19.00,3.80,5.00,2.00,7.6e-03,"in situ","0","9:00-12:00","JAS","Karl Havens khavens@ufl.edu"
59,"Caspian.Sea",,"Lake","Kazakhstan Russia Turkmenistan Azerbaijan Iran","Middle East",42.19,50.49,2.00,-22.00,182.00,1025.00,378119.30,78200.00,"satellite","skin-derived bulk temperature","22:00-5:00","JAS","Philipp Schneider ps@nilu.no; Simon Hook simon.j.hook@jpl.nasa.gov"
60,"Cataract",,"Reservoir","Australia","Oceania",-34.27,150.80,6.50,289.90,11.50,46.00,8.46,0.09,"in situ","0","8:00-12:00","JFM","Tracey Schultz Tracey.Schultz@sca.nsw.gov.au"
61,"Cha.jihNan.mu.tso..Zhari.Namco",,"Lake","China","Asia",30.93,85.49,2.00,4743.00,3.60,5.60,1004.40,3.61,"satellite","skin-derived bulk temperature","22:00-5:00","JAS","Philipp Schneider ps@nilu.no; Simon Hook simon.j.hook@jpl.nasa.gov"
62,"Chad",,"Lake","Chad Nigeria Niger Cameroon","Africa",13.12,14.45,2.00,279.00,1.50,8.00,19346.60,6.30,"satellite","skin-derived bulk temperature","22:00-5:00","JFM","Philipp Schneider ps@nilu.no; Simon Hook simon.j.hook@jpl.nasa.gov"
63,"Chao","Chaohu","Lake","China","Asia",31.51,117.57,2.00,1.00,3.00,5.00,767.50,1.70,"satellite","skin-derived bulk temperature","22:00-5:00","JAS","Philipp Schneider ps@nilu.no; Simon Hook simon.j.hook@jpl.nasa.gov"
64,"Chapala",,"Lake","Mexico","Western North America",20.23,-102.90,2.00,1573.00,7.20,10.50,1127.30,7.90,"satellite","skin-derived bulk temperature","22:00-5:00","JFM","Philipp Schneider ps@nilu.no; Simon Hook simon.j.hook@jpl.nasa.gov"
65,"Chardarinskoye","Shardara Reservoir","Reservoir","Kazakhstan Uzbekistan","Asia",41.14,68.19,2.00,236.00,6.30,26.00,600.40,5.70,"satellite","skin-derived bulk temperature","22:00-5:00","JAS","Philipp Schneider ps@nilu.no; Simon Hook simon.j.hook@jpl.nasa.gov"
66,"Chilka","Chilika","Lake","India","Asia",19.76,85.40,2.00,16.00,1.40,2.40,884.60,1.23,"satellite","skin-derived bulk temperature","22:00-5:00","JFM","Philipp Schneider ps@nilu.no; Simon Hook simon.j.hook@jpl.nasa.gov"
67,"Chilwa",,"Lake","Malawi","Africa",-15.36,35.72,2.00,629.00,1.00,2.70,695.70,1.80,"satellite","skin-derived bulk temperature","22:00-5:00","JAS","Philipp Schneider ps@nilu.no; Simon Hook simon.j.hook@jpl.nasa.gov"
68,"Chiquita",,"Lake","Argentina","South America",-30.65,-62.49,2.00,66.00,3.50,19.00,2011.90,5.02,"satellite","skin-derived bulk temperature","22:00-5:00","JFM","Philipp Schneider ps@nilu.no; Simon Hook simon.j.hook@jpl.nasa.gov"
69,"Chishi","Mweru Wantipa, Cheshi","Lake","Zambia","Africa",-8.66,29.73,2.00,945.00,2.00,5.00,1389.90,2.77,"satellite","skin-derived bulk temperature","22:00-5:00","JAS","Philipp Schneider ps@nilu.no; Simon Hook simon.j.hook@jpl.nasa.gov"
70,"Chocon","Embalse Ezequiel Ramos Mejia","Reservoir","Argentina","South America",-39.52,-69.07,2.00,393.00,24.70,60.00,811.90,20.15,"satellite","skin-derived bulk temperature","22:00-5:00","JFM","Philipp Schneider ps@nilu.no; Simon Hook simon.j.hook@jpl.nasa.gov"
71,"Chub",,"Lake","Canada","Northeastern North America",46.51,-78.98,0.90,371.00,8.90,27.00,0.34,3.06e-03,"in situ","0.1","10:00-14:00","JAS","Jim Rusak Jim.Rusak@ontario.ca"
72,"Claire",,"Lake","Canada","Western North America",58.59,-112.08,2.00,212.00,1.20,2.00,1325.60,1.70,"satellite","skin-derived bulk temperature","22:00-5:00","JAS","Philipp Schneider ps@nilu.no; Simon Hook simon.j.hook@jpl.nasa.gov"
73,"Clear",,"Lake","United States","Western North America",39.07,-122.84,2.00,474.00,8.20,18.00,157.50,1.29,"satellite","skin-derived bulk temperature","22:00-5:00","JAS","Philipp Schneider ps@nilu.no; Simon Hook simon.j.hook@jpl.nasa.gov"
74,"Clearwater",,"Lake","Canada","Northeastern North America",46.37,-81.05,1.10,285.00,8.40,21.50,0.75,6.42e-03,"in situ","0","9:00-14:00","JAS","John Bailey jbailey@laurentian.ca"
75,"Colhue.Huapi",,"Lake","Argentina","South America",-45.54,-68.73,2.00,251.00,2.00,5.50,813.90,1.62,"satellite","skin-derived bulk temperature","22:00-5:00","JFM","Philipp Schneider ps@nilu.no; Simon Hook simon.j.hook@jpl.nasa.gov"
76,"Cordeaux",,"Reservoir","Australia","Oceania",-34.34,150.75,4.00,303.70,12.00,52.00,7.80,0.09,"in situ","0","8:00-12:00","JFM","Tracey Schultz Tracey.Schultz@sca.nsw.gov.au"
77,"Crescent",,"Lake","United States","Southeastern North America",29.45,-81.48,11.00,1.00,3.00,3.84,63.00,0.18,"in situ","0","9:00-12:00","JAS","Karl Havens khavens@ufl.edu"
78,"Crosson",,"Lake","Canada","Northeastern North America",45.08,-79.03,0.80,332.00,9.20,25.00,0.56,5.22e-03,"in situ","0.1","10:00-14:00","JAS","Jim Rusak Jim.Rusak@ontario.ca"
79,"Crystal",,"Lake","United States","Northeastern North America",46.00,-89.61,0.60,250.00,10.40,20.40,0.36,3.82e-03,"in situ","0","9:00-15:00","JAS","NTL LTER, Jordan Read jread@usgs.gov"
80,"Dauphin",,"Lake","Canada","Western North America",51.18,-99.71,2.00,259.00,2.40,3.40,516.40,1.29,"satellite","skin-derived bulk temperature","22:00-5:00","JAS","Philipp Schneider ps@nilu.no; Simon Hook simon.j.hook@jpl.nasa.gov"
81,"Dead.Sea",,"Lake","Jordan West Bank Israel","Middle East",31.45,35.48,2.00,-404.00,145.00,433.00,739.40,147.00,"satellite","skin-derived bulk temperature","22:00-5:00","JAS","Philipp Schneider ps@nilu.no; Simon Hook simon.j.hook@jpl.nasa.gov"
82,"Denham",,"Lake","United States","Southeastern North America",28.76,-81.90,0.70,20.00,1.20,1.50,1.00,1.2e-03,"in situ","0","9:00-12:00","JAS","Karl Havens khavens@ufl.edu"
83,"Dickie",,"Lake","Canada","Northeastern North America",45.15,-79.08,1.00,354.50,5.00,12.00,0.93,4.68e-03,"in situ","0.1","10:00-14:00","JAS","Jim Rusak Jim.Rusak@ontario.ca"
84,"Dora",,"Lake","United States","Southeastern North America",28.78,-81.68,3.00,19.00,2.90,4.00,18.00,0.05,"in situ","0","9:00-12:00","JAS","Karl Havens khavens@ufl.edu"
85,"Dore",,"Lake","Canada","Western North America",54.76,-107.28,2.00,459.00,10.90,20.40,634.40,6.68,"satellite","skin-derived bulk temperature","22:00-5:00","JAS","Philipp Schneider ps@nilu.no; Simon Hook simon.j.hook@jpl.nasa.gov"
86,"Dubawnt",,"Lake","Canada","Western North America",63.17,-101.47,2.00,235.00,,65.00,3628.50,,"satellite","skin-derived bulk temperature","22:00-5:00","JAS","Philipp Schneider ps@nilu.no; Simon Hook simon.j.hook@jpl.nasa.gov"
87,"Edward",,"Lake","Zaire Uganda","Africa",-0.30,29.62,2.00,781.00,34.00,117.00,2252.50,39.52,"satellite","skin-derived bulk temperature","22:00-5:00","JAS","Philipp Schneider ps@nilu.no; Simon Hook simon.j.hook@jpl.nasa.gov"
88,"Erie.B45005",,"Lake","Canada United States","Northeastern North America",41.67,-82.39,10.00,174.00,19.00,64.00,25691.00,458.00,"in situ","0","continuous","JAS","Jay Austin jaustin@d.umn.edu; Philipp Schneider ps@nilu.no; Simon Hook simon.j.hook@jpl.nasa.gov"
89,"Erie.Center",,"Lake","Canada United States","Northeastern North America",42.24,-81.14,2.00,174.00,19.00,64.00,25691.00,458.00,"satellite","skin-derived bulk temperature","22:00-5:00","JAS","Philipp Schneider ps@nilu.no; Simon Hook simon.j.hook@jpl.nasa.gov"
90,"Erken",,"Lake","Sweden","Europe",59.84,18.58,5.00,11.10,9.00,20.65,23.70,0.21,"in situ","1","9:00-11:00","JAS","Gesa  Wehenmeyer Gesa.Weyhenmeyer@ebc.uu.se"
91,"Eustis",,"Lake","United States","Southeastern North America",28.83,-81.71,4.50,19.00,3.40,19.00,28.00,0.09,"in situ","0","9:00-12:00","JAS","Karl Havens khavens@ufl.edu"
92,"Eyasi",,"Lake","Tanzania","Africa",-3.58,35.13,2.00,1023.00,1.00,1.00,1113.00,1.11,"satellite","skin-derived bulk temperature","22:00-5:00","JAS","Philipp Schneider ps@nilu.no; Simon Hook simon.j.hook@jpl.nasa.gov"
93,"Feeagh",,"Lake","Ireland","Europe",53.92,-9.57,0.50,20.00,14.50,45.00,3.92,0.05,"in situ","0","continuous","JAS","Elvira de Eyto elvira.deeyto@marine.ie"
94,"Fiolen",,"Lake","Sweden","Europe",57.09,14.52,2.00,226.00,3.80,10.50,1.63,6.21e-03,"in situ","0","9:00-11:00","JAS","Gesa  Wehenmeyer Gesa.Weyhenmeyer@ebc.uu.se"
95,"Fish",,"Lake","United States","Northeastern North America",43.28,-89.65,1.00,259.69,6.60,18.90,0.87,5.77e-03,"in situ","0","9:00-15:00","JAS","NTL LTER, Jordan Read jread@usgs.gov"
96,"Fitzroy",,"Reservoir","Australia","Oceania",-34.65,150.49,2.80,663.50,4.80,10.00,4.82,0.02,"in situ","0","8:00-12:00","JFM","Tracey Schultz Tracey.Schultz@sca.nsw.gov.au"
97,"Fracksjon","Fracksj�n","Lake","Sweden","Europe",58.14,12.18,1.50,58.00,6.00,14.50,0.27,1.62e-03,"in situ","0","9:00-11:00","JAS","Gesa  Wehenmeyer Gesa.Weyhenmeyer@ebc.uu.se"
98,"Gaoyou",,"Lake","China","Asia",32.83,119.34,2.00,1.00,1.40,2.40,622.50,0.87,"satellite","skin-derived bulk temperature","22:00-5:00","JAS","Philipp Schneider ps@nilu.no; Simon Hook simon.j.hook@jpl.nasa.gov"
99,"Garda",,"Lake","Italy","Europe",45.53,10.64,2.00,65.00,133.00,350.00,368.00,49.00,"in situ","0","11:30-14:30","JAS","Nico Salmaso nico.salmaso@fmach.it"
100,"Geneva",,"Lake","Switzerland France","Europe",46.46,6.58,2.00,372.05,152.70,309.70,580.10,88.90,"in situ","0","9:00-11:30","JAS","Orlane Anneville orlane.anneville@thonon.inra.fr"
101,"George",,"Lake","United States","Southeastern North America",29.28,-81.58,9.00,1.00,2.50,3.35,186.00,0.46,"in situ","0","9:00-12:00","JAS","Karl Havens khavens@ufl.edu"
102,"Giles",,"Lake","United States","Northeastern North America",41.37,-75.09,0.60,439.00,5.20,13.00,0.21,1.1e-03,"in situ","0","8:00-16:00","JAS","Craig Williamson craig.williamson@miamiOH.edu"
103,"Gorkovskoye",,"Reservoir","Russia","Europe",57.21,43.10,2.00,87.00,5.50,22.00,936.80,8.82,"satellite","skin-derived bulk temperature","22:00-5:00","JAS","Philipp Schneider ps@nilu.no; Simon Hook simon.j.hook@jpl.nasa.gov"
104,"Great.Bear",,"Lake","Canada","Western North America",66.00,-120.32,2.00,157.00,71.60,446.00,30530.10,2236.00,"satellite","skin-derived bulk temperature","22:00-5:00","JAS","Philipp Schneider ps@nilu.no; Simon Hook simon.j.hook@jpl.nasa.gov"
105,"Great.Salt.Lake",,"Lake","United States","Western North America",41.02,-112.42,2.00,1275.00,4.00,10.00,5965.80,18.92,"satellite","skin-derived bulk temperature","22:00-5:00","JAS","Philipp Schneider ps@nilu.no; Simon Hook simon.j.hook@jpl.nasa.gov"
106,"Great.Slave",,"Lake","Canada","Western North America",61.35,-114.79,2.00,158.00,41.00,614.00,27816.30,1580.00,"satellite","skin-derived bulk temperature","22:00-5:00","JAS","Philipp Schneider ps@nilu.no; Simon Hook simon.j.hook@jpl.nasa.gov"
107,"Greenvale",,"Reservoir","Australia","Oceania",-37.63,144.90,1.00,167.20,15.40,39.00,1.74,0.02,"in situ","0","continuous","JFM","Shane Haydon shane.haydon@melbournewater.com.au"
108,"Greifensee",,"Lake","Switzerland","Europe",47.35,8.67,3.50,435.00,17.80,32.00,8.49,0.15,"in situ","0",,"JAS","David Livingstone living@eawag.ch; Oliver K�ster oliver.koester@zuerich.ch; Pius Niderhauser pius.niederhauser@bd.zh.ch"
109,"Griffin",,"Lake","United States","Southeastern North America",28.86,-81.84,5.00,18.30,2.40,6.10,38.10,0.09,"in situ","0","9:00-12:00","JAS","Karl Havens khavens@ufl.edu"
110,"Gyaring","Zhaling","Lake","China","Asia",34.92,97.29,2.00,4256.00,8.90,13.10,533.90,46.70,"satellite","skin-derived bulk temperature","22:00-5:00","JAS","Philipp Schneider ps@nilu.no; Simon Hook simon.j.hook@jpl.nasa.gov"
111,"Hannah",,"Lake","Canada","Northeastern North America",46.44,-81.03,0.60,285.00,4.00,8.50,0.27,1.08e-03,"in situ","0","9:00-14:00","JAS","John Bailey jbailey@laurentian.ca"
112,"Happy.Valley",,"Reservoir","Australia","Oceania",-35.07,138.57,1.30,145.30,6.51,20.16,1.78,0.01,"in situ","0","8:00-12:00","JFM","Rob Daly Rob.Daly@sawater.com.au"
113,"Har",,"Lake","Mongolia","Asia",48.05,93.15,2.00,1160.00,4.14,7.00,601.30,2.42,"satellite","skin-derived bulk temperature","22:00-5:00","JAS","Philipp Schneider ps@nilu.no; Simon Hook simon.j.hook@jpl.nasa.gov"
114,"Har.Hala",,"Lake","China","Asia",38.30,97.56,2.00,4239.00,,65.00,594.90,,"satellite","skin-derived bulk temperature","22:00-5:00","JAS","Philipp Schneider ps@nilu.no; Simon Hook simon.j.hook@jpl.nasa.gov"
115,"Harney",,"Lake","United States","Southeastern North America",28.75,-81.05,4.50,1.00,2.10,3.40,23.00,0.04,"in situ","0","9:00-12:00","JAS","Karl Havens khavens@ufl.edu"
116,"Harp",,"Lake","Canada","Northeastern North America",45.38,-79.13,0.90,327.00,13.30,37.50,0.71,9.49e-03,"in situ","0.1","10:00-14:00","JAS","Jim Rusak Jim.Rusak@ontario.ca"
117,"Harris",,"Lake","United States","Southeastern North America",28.77,-81.81,6.00,19.00,3.50,4.30,75.00,0.15,"in situ","0","9:00-12:00","JAS","Karl Havens khavens@ufl.edu"
118,"Harus",,"Lake","Mongolia","Asia",47.95,92.15,2.00,1191.00,2.10,4.50,1193.50,3.12,"satellite","skin-derived bulk temperature","22:00-5:00","JAS","Philipp Schneider ps@nilu.no; Simon Hook simon.j.hook@jpl.nasa.gov"
119,"Heney",,"Lake","Canada","Northeastern North America",45.12,-79.10,0.55,345.50,3.30,5.80,0.21,7.05e-04,"in situ","0.1","10:00-14:00","JAS","Jim Rusak Jim.Rusak@ontario.ca"
120,"Hongze","Hung-tse","Lake","China","Asia",33.29,118.73,2.00,3.00,8.00,,1524.90,25.00,"satellite","skin-derived bulk temperature","22:00-5:00","JAS","Philipp Schneider ps@nilu.no; Simon Hook simon.j.hook@jpl.nasa.gov"
121,"Hope.Valley",,"Reservoir","Australia","Oceania",-34.85,138.68,1.00,103.40,5.46,13.34,0.52,2.8e-03,"in situ","0","8:00-12:00","JFM","Rob Daly Rob.Daly@sawater.com.au"
122,"HovsGol","Khovsgol","Lake","Mongolia","Asia",51.21,100.53,2.00,1640.00,138.00,267.00,2741.40,381.00,"satellite","skin-derived bulk temperature","22:00-5:00","JAS","Philipp Schneider ps@nilu.no; Simon Hook simon.j.hook@jpl.nasa.gov"
123,"Hulun",,"Lake","China","Asia",48.83,117.25,2.00,539.00,5.00,7.00,2166.50,13.13,"satellite","skin-derived bulk temperature","22:00-5:00","JAS","Philipp Schneider ps@nilu.no; Simon Hook simon.j.hook@jpl.nasa.gov"
124,"Huron.B45003",,"Lake","Canada United States","Northeastern North America",45.35,-82.84,10.00,176.00,53.00,228.00,59756.50,3535.00,"in situ","0","continuous","JAS","Jay Austin jaustin@d.umn.edu; Phillip Schneider ps@nilu.no"
125,"Huron.B45008",,"Lake","Canada United States","Northeastern North America",44.28,-82.41,10.00,176.00,53.00,228.00,59756.50,3535.00,"in situ","0","continuous","JAS","Jay Austin jaustin@d.umn.edu; Phillip Schneider ps@nilu.no"
126,"Huron.Center",,"Lake","Canada United States","Northeastern North America",44.75,-82.33,2.00,176.00,53.00,228.00,59756.50,3535.00,"satellite","skin-derived bulk temperature","22:00-5:00","JAS","Philipp Schneider ps@nilu.no; Simon Hook simon.j.hook@jpl.nasa.gov"
127,"Hyargas",,"Lake","Mongolia","Asia",49.20,93.25,2.00,1027.00,20.00,80.00,1362.70,75.20,"satellite","skin-derived bulk temperature","22:00-5:00","JAS","Philipp Schneider ps@nilu.no; Simon Hook simon.j.hook@jpl.nasa.gov"
128,"Iliamna.Lake",,"Lake","United States","Western North America",59.47,-155.60,2.00,35.00,442.20,299.00,2623.20,1160.00,"satellite","skin-derived bulk temperature","22:00-5:00","JAS","Philipp Schneider ps@nilu.no; Simon Hook simon.j.hook@jpl.nasa.gov"
129,"IlMen",,"Reservoir","Russia","Europe",58.25,31.21,2.00,15.00,3.40,10.00,982.00,,"satellite","skin-derived bulk temperature","22:00-5:00","JAS","Philipp Schneider ps@nilu.no; Simon Hook simon.j.hook@jpl.nasa.gov"
130,"Inari",,"Lake","Finland","Europe",68.85,28.28,4.00,120.00,14.00,92.00,1110.00,15.10,"in situ","0","8:00","JAS","Esko Kuusisto esko.kuusisto@ymparisto.fi"
131,"Issyk.kul",,"Lake","Kyrgyzstan","Asia",42.42,77.31,2.00,1619.00,270.00,668.00,6258.90,1689.90,"satellite","skin-derived bulk temperature","22:00-5:00","JAS","Philipp Schneider ps@nilu.no; Simon Hook simon.j.hook@jpl.nasa.gov"
132,"Itaparica",,"Reservoir","Brazil","South America",-9.71,-41.73,2.00,417.00,18.00,101.00,8779.10,10.70,"satellite","skin-derived bulk temperature","22:00-5:00","JAS","Philipp Schneider ps@nilu.no; Simon Hook simon.j.hook@jpl.nasa.gov"
133,"Izabal",,"Lake","Guatemala","South America",15.49,-89.14,2.00,47.00,12.62,18.00,673.29,8.50,"satellite","skin-derived bulk temperature","22:00-5:00","JFM","Philipp Schneider ps@nilu.no; Simon Hook simon.j.hook@jpl.nasa.gov"
134,"Jesup",,"lake","United States","Southeastern North America",28.70,-81.23,7.50,1.00,1.27,3.40,45.06,0.05,"in situ","0","9:00-12:00","JAS","Karl Havens khavens@ufl.edu"
135,"Kainji",,"Reservoir","Nigeria","Africa",10.40,4.56,2.00,96.00,10.60,12.10,1414.00,15.00,"satellite","skin-derived bulk temperature","22:00-5:00","JFM","Philipp Schneider ps@nilu.no; Simon Hook simon.j.hook@jpl.nasa.gov"
136,"Kallavesi",,"Lake","Finland","Europe",62.90,27.73,20.00,82.00,9.00,90.00,898.00,7.99,"in situ","0","8:00","JAS","Esko Kuusisto esko.kuusisto@ymparisto.fi"
137,"Kangaroo.Creek",,"Reservoir","Australia","Oceania",-34.86,138.79,1.60,237.50,18.60,47.38,1.03,0.01,"in situ","0","8:00-12:00","JFM","Justin Brookes justin.brookes@adelaide.edu.au"
138,"KapchagayskoyeVodo","Kapshagay Reservoir","Reservoir","Kazakhstan","Asia",43.84,77.41,2.00,462.00,22.07,,1273.00,28.10,"satellite","skin-derived bulk temperature","22:00-5:00","JAS","Philipp Schneider ps@nilu.no; Simon Hook simon.j.hook@jpl.nasa.gov"
139,"Kariba",,"Reservoir","Zimbabwe Zambia","Africa",-16.68,28.44,2.00,468.00,29.00,97.00,4958.50,160.00,"satellite","skin-derived bulk temperature","22:00-5:00","JAS","Philipp Schneider ps@nilu.no; Simon Hook simon.j.hook@jpl.nasa.gov"
140,"Kasba",,"Lake","Canada","Western North America",60.32,-102.11,2.00,335.00,,,1334.80,,"satellite","skin-derived bulk temperature","22:00-5:00","JAS","Philipp Schneider ps@nilu.no; Simon Hook simon.j.hook@jpl.nasa.gov"
141,"Kensico",,"Reservoir","United States","Northeastern North America",41.08,-73.76,2.00,108.81,19.20,53.90,9.14,0.16,"in situ","1","9:00-14:00","JAS","Nihar Samal NSamal@dep.nyc.gov"
142,"Kevojarvi","Kevoj�rvi","Lake","Finland","Europe",69.75,27.01,2.50,75.00,11.00,35.00,1.00,0.01,"in situ","0","8:00","JAS","Esko Kuusisto esko.kuusisto@ymparisto.fi"
143,"Khanka",,"Lake","Russia China","Asia",45.09,132.42,2.00,64.00,4.50,6.50,4088.10,18.30,"satellite","skin-derived bulk temperature","22:00-5:00","JAS","Philipp Schneider ps@nilu.no; Simon Hook simon.j.hook@jpl.nasa.gov"
144,"Kinneret",,"Lake","Israel","Middle East",32.83,35.58,13.00,-209.00,25.60,43.00,170.00,4.00,"in situ","0","10:00","JAS","Alon Rimmer alon@ocean.org.il"
145,"Kivu",,"Lake","Zaire Rwanda","Africa",-1.79,29.14,2.00,1500.00,240.00,480.00,2370.70,333.00,"satellite","skin-derived bulk temperature","22:00-5:00","JAS","Philipp Schneider ps@nilu.no; Simon Hook simon.j.hook@jpl.nasa.gov"
146,"Kremenshugskoye",,"Reservoir","Ukraine","Europe",49.23,32.78,2.00,78.00,6.87,,1964.90,13.50,"satellite","skin-derived bulk temperature","22:00-5:00","JAS","Philipp Schneider ps@nilu.no; Simon Hook simon.j.hook@jpl.nasa.gov"
147,"Kulundinskoye",,"Lake","Russia","Asia",53.01,79.53,2.00,92.00,32.00,4.90,728.00,23.29,"satellite","skin-derived bulk temperature","22:00-5:00","JAS","Philipp Schneider ps@nilu.no; Simon Hook simon.j.hook@jpl.nasa.gov"
148,"Kuybyshevskoye",,"Reservoir","Russia","Europe",55.29,49.61,2.00,56.00,8.00,41.00,5003.30,57.30,"satellite","skin-derived bulk temperature","22:00-5:00","JAS","Philipp Schneider ps@nilu.no; Simon Hook simon.j.hook@jpl.nasa.gov"
149,"L223",,"Lake","Canada","Northeastern North America",49.69,-93.70,0.40,402.00,7.16,14.40,0.27,1.95e-03,"in situ","2","9:00-14:00","JAS","Ken Sandiland Ken.Sandilands@dfo-mpo.gc.ca; Scott Higgins Scott.Higgins@dfo-mpo.gc.ca"
150,"L224",,"Lake","Canada","Northeastern North America",49.69,-93.71,0.50,402.00,11.59,27.40,0.25,3.0e-03,"in situ","2","9:00-14:00","JAS","Ken Sandiland Ken.Sandilands@dfo-mpo.gc.ca; Scott Higgins Scott.Higgins@dfo-mpo.gc.ca"
151,"L227",,"Lake","Canada","Northeastern North America",49.68,-93.68,0.20,402.00,4.42,10.00,0.05,2.21e-04,"in situ","2","9:00-14:00","JAS","Ken Sandiland Ken.Sandilands@dfo-mpo.gc.ca; Scott Higgins Scott.Higgins@dfo-mpo.gc.ca"
152,"L239",,"Lake","Canada","Northeastern North America",49.66,-93.72,0.50,392.00,10.52,30.40,0.54,5.71e-03,"in situ","2","9:00-14:00","JAS","Ken Sandiland Ken.Sandilands@dfo-mpo.gc.ca; Scott Higgins Scott.Higgins@dfo-mpo.gc.ca"
153,"L240",,"Lake","Canada","Northeastern North America",49.65,-93.72,0.40,392.00,6.05,13.10,0.44,2.67e-03,"in situ","2","9:00-14:00","JAS","Ken Sandiland Ken.Sandilands@dfo-mpo.gc.ca; Scott Higgins Scott.Higgins@dfo-mpo.gc.ca"
154,"L302s",,"Lake","Canada","Northeastern North America",49.67,-93.75,0.60,402.00,5.08,10.60,0.10,1.29e-03,"in situ","2","9:00-14:00","JAS","Ken Sandiland Ken.Sandilands@dfo-mpo.gc.ca; Scott Higgins Scott.Higgins@dfo-mpo.gc.ca"
155,"Labaz","Lobaz","Lake","Russia","Asia",72.29,99.69,2.00,48.00,,,549.60,,"satellite","skin-derived bulk temperature","22:00-5:00","JAS","Philipp Schneider ps@nilu.no; Simon Hook simon.j.hook@jpl.nasa.gov"
156,"Lacawac",,"Lake","United States","Northeastern North America",41.38,-75.29,0.25,428.00,10.10,24.10,0.48,4.88e-03,"in situ","0","8:00-16:00","JAS","Craig Williamson craig.williamson@miamiOH.edu"
157,"Ladoga",,"Lake","Russia","Europe",60.77,31.64,2.00,11.00,51.00,230.00,17539.10,837.00,"satellite","skin-derived bulk temperature","22:00-5:00","JAS","Philipp Schneider ps@nilu.no; Simon Hook simon.j.hook@jpl.nasa.gov"
158,"Lake.of.the.Woods",,"Lake","Canada United States","Northeastern North America",49.05,-94.88,2.00,326.00,7.90,64.00,4167.70,19.40,"satellite","skin-derived bulk temperature","22:00-5:00","JAS","Philipp Schneider ps@nilu.no; Simon Hook simon.j.hook@jpl.nasa.gov"
159,"Lappajarvi","Lappaj�rvi","Lake","Finland","Europe",63.26,23.63,25.00,70.00,7.00,38.00,141.00,1.07,"in situ","0","8:00","JAS","Esko Kuusisto esko.kuusisto@ymparisto.fi"
160,"Lianquihui",,"Lake","Chile","South America",-41.12,-72.78,2.00,56.00,182.00,317.00,865.90,158.60,"satellite","skin-derived bulk temperature","22:00-5:00","JFM","Philipp Schneider ps@nilu.no; Simon Hook simon.j.hook@jpl.nasa.gov"
161,"Limfjorden",,"Lake","Denmark","Europe",56.95,9.06,2.00,3.00,44.86,24.00,900.00,54.17,"satellite","skin-derived bulk temperature","22:00-5:00","JAS","Philipp Schneider ps@nilu.no; Simon Hook simon.j.hook@jpl.nasa.gov"
162,"Little.Para",,"Reservoir","Australia","Oceania",-34.75,138.72,1.80,141.80,16.64,,1.25,0.02,"in situ","0","8:00-12:00","JFM","Rob Daly Rob.Daly@sawater.com.au"
163,"Loch.Leven",,"Lake","Scotland","Europe",56.19,-3.37,3.00,107.00,3.90,25.50,13.30,0.09,"in situ","0","10:00-12:00","JAS","Linda May lmay@ceh.ac.uk"
164,"The.Loch",,"Lake","United States","Western North America",40.29,-105.65,0.15,3048.00,1.50,4.70,0.04,6.1e-05,"in situ","0","10:00-14:00","JAS","Jill Baron Jill.Baron@colostate.edu"
165,"Lochloosa",,"Lake","United States","Southeastern North America",29.52,-82.13,3.50,18.00,1.80,10.00,26.00,0.04,"in situ","0","9:00-12:00","JAS","Karl Havens khavens@ufl.edu"
166,"Lohi",,"Lake","Canada","Northeastern North America",46.38,-81.04,0.75,282.00,6.20,19.50,0.40,2.5e-03,"in situ","0","9:00-14:00","JAS","John Bailey jbailey@laurentian.ca"
167,"Zurich.Lower",,"Lake","Switzerland","Europe",47.29,8.58,18.00,406.00,50.20,136.00,66.61,3.34,"in situ","0","8:00-16:00","JAS","David Livingstone living@eawag.ch; Oliver K�ster oliver.koester@zuerich.ch; Pius Niderhauser pius.niederhauser@bd.zh.ch"
168,"Maggiore",,"Lake","Italy","Europe",45.95,8.63,25.00,193.88,176.50,370.00,212.50,37.50,"in situ","0","10:00-12:00","JAS","Michela Rogora m.rogora@ise.cnr.it"
169,"Mai.Ndombe",,"Lake","Zaire","Africa",-1.69,18.28,2.00,335.00,5.00,10.00,1954.90,,"satellite","skin-derived bulk temperature","22:00-5:00","JAS","Philipp Schneider ps@nilu.no; Simon Hook simon.j.hook@jpl.nasa.gov"
170,"Malaren","M�laren","Lake","Sweden","Europe",59.50,17.20,40.00,0.30,12.80,63.00,1096.00,14.03,"in situ","0.5","9:00-11:00","JAS","Gesa  Wehenmeyer Gesa.Weyhenmeyer@ebc.uu.se"
171,"Malawi.Buoy1",,"Lake","Malawi Mozambique Tanzania","Africa",-13.86,34.85,2.00,485.00,292.00,706.00,29251.50,8400.00,"satellite","skin-derived bulk temperature","22:00-5:00","JAS","Philipp Schneider ps@nilu.no; Simon Hook simon.j.hook@jpl.nasa.gov"
172,"Malawi.Buoy2",,"Lake","Malawi Mozambique Tanzania","Africa",-13.43,34.74,2.00,485.00,292.00,706.00,29251.50,8400.00,"satellite","skin-derived bulk temperature","22:00-5:00","JAS","Philipp Schneider ps@nilu.no; Simon Hook simon.j.hook@jpl.nasa.gov"
173,"Malawi.Center",,"Lake","Malawi Mozambique Tanzania","Africa",-11.73,34.62,2.00,485.00,292.00,706.00,29251.50,8400.00,"satellite","skin-derived bulk temperature","22:00-5:00","JAS","Philipp Schneider ps@nilu.no; Simon Hook simon.j.hook@jpl.nasa.gov"
174,"Managua",,"Lake","Nicaragua","South America",12.37,-86.36,2.00,56.00,7.80,26.00,1023.80,7.97,"satellite","skin-derived bulk temperature","22:00-5:00","JFM","Philipp Schneider ps@nilu.no; Simon Hook simon.j.hook@jpl.nasa.gov"
175,"Manitoba",,"Lake","Canada","Northeastern North America",50.41,-98.29,2.00,247.00,4.75,7.00,4790.90,22.80,"satellite","skin-derived bulk temperature","22:00-5:00","JAS","Philipp Schneider ps@nilu.no; Simon Hook simon.j.hook@jpl.nasa.gov"
176,"Maroondah",,"Reservoir","Australia","Oceania",-37.63,145.56,1.50,123.94,,41.00,1.97,,"in situ","0","8:00-12:00","JFM","Justin Brookes justin.brookes@adelaide.edu.au"
177,"Martre",,"Lake","Canada","Western North America",63.45,-118.19,2.00,265.00,,,1684.00,,"satellite","skin-derived bulk temperature","22:00-5:00","JAS","Philipp Schneider ps@nilu.no; Simon Hook simon.j.hook@jpl.nasa.gov"
178,"McConaughy",,"Lake","United States","Western North America",41.22,-101.72,5.00,996.00,14.90,43.00,144.00,2.15,"in situ","0","7:00-17:00","JAS","John Lenters jlenters@mac.com"
179,"Mendota",,"Lake","United States","Northeastern North America",43.09,-89.40,5.00,259.00,12.80,25.30,39.37,0.50,"in situ","0","9:00-15:00","JAS","NTL LTER, Jordan Read jread@usgs.gov"
180,"Michigan.B45002",,"Lake","United States","Northeastern North America",45.34,-86.40,10.00,176.00,84.00,281.00,57399.40,4871.00,"in situ","0","continuous","JAS","Jay Austin jaustin@d.umn.edu; Phillip Schneider ps@nilu.no"
181,"Michigan.B45007",,"Lake","United States","Northeastern North America",42.67,-87.02,30.00,176.00,84.00,281.00,57399.40,4871.00,"in situ","0","continuous","JAS","Jay Austin jaustin@d.umn.edu; Phillip Schneider ps@nilu.no"
182,"Michigan.Center",,"Lake","United States","Northeastern North America",42.84,-86.94,2.00,176.00,84.00,281.00,57399.40,4871.00,"satellite","skin-derived bulk temperature","22:00-5:00","JAS","Philipp Schneider ps@nilu.no; Simon Hook simon.j.hook@jpl.nasa.gov"
183,"Middle",,"Lake","Canada","Northeastern North America",46.43,-81.02,0.80,284.00,6.20,15.00,0.28,1.75e-03,"in situ","0","9:00-14:00","JAS","John Bailey jbailey@laurentian.ca"
184,"Millbrook",,"Reservoir","Australia","Oceania",-34.82,138.81,1.50,326.30,9.26,24.96,1.78,0.01,"in situ","0","8:00-12:00","JFM","Rob Daly Rob.Daly@sawater.com.au"
185,"Mondsee",,"Lake","Austria","Europe",47.83,13.38,20.00,481.00,36.00,68.30,14.20,0.49,"in situ","0","8:00-10:00","JAS","Martin Dokulil  martin.dokulil@univie.ac.at; Katrin Teubner katrin.teubner@univie.ac.at"
186,"Mono.Lake",,"Lake","United States","Western North America",38.01,-118.96,2.00,1955.00,16.50,43.00,212.00,2.97,"satellite","skin-derived bulk temperature","22:00-5:00","JAS","Philipp Schneider ps@nilu.no; Simon Hook simon.j.hook@jpl.nasa.gov"
187,"Monona",,"Lake","United States","Northeastern North America",43.06,-89.36,3.00,258.00,8.20,22.50,13.24,0.10,"in situ","0","9:00-15:00","JAS","NTL LTER, Jordan Read jread@usgs.gov"
188,"Mount.Bold",,"Reservoir","Australia","Oceania",-35.12,138.71,3.00,306.50,14.99,41.45,3.08,0.04,"in situ","0","8:00-12:00","JFM","Rob Daly Rob.Daly@sawater.com.au"
189,"Muggelsee","M�ggelsee","Lake","Germany","Europe",52.43,13.65,2.00,32.00,4.90,8.00,7.30,0.03,"in situ","0.5","8:00-9:00","JAS","Rita Adrian adrian@igb-berlin.de"
190,"Mweru",,"Lake","Zambia Zaire","Africa",-9.01,28.74,2.00,949.00,7.00,37.00,4944.80,32.00,"satellite","skin-derived bulk temperature","22:00-5:00","JAS","Philipp Schneider ps@nilu.no; Simon Hook simon.j.hook@jpl.nasa.gov"
191,"Myponga",,"Reservoir","Australia","Oceania",-35.40,138.44,2.50,225.60,9.57,44.08,2.80,0.02,"in situ","0","8:00-12:00","JFM","Rob Daly Rob.Daly@sawater.com.au"
192,"Na.Mu","Nam Co, Nam Mu","Lake","China","Asia",30.70,90.45,2.00,4704.00,26.00,33.00,1933.60,49.92,"satellite","skin-derived bulk temperature","22:00-5:00","JAS","Philipp Schneider ps@nilu.no; Simon Hook simon.j.hook@jpl.nasa.gov"
193,"Nasser",,"Reservoir","Egypt Sudan","Africa",23.19,32.78,2.00,192.00,25.20,130.00,3817.90,132.50,"satellite","skin-derived bulk temperature","22:00-5:00","JFM","Philipp Schneider ps@nilu.no; Simon Hook simon.j.hook@jpl.nasa.gov"
194,"Nerpichye",,"Lake","Russia","Asia",56.41,162.74,2.00,1.00,51.00,148.00,527.70,26.91,"satellite","skin-derived bulk temperature","22:00-5:00","JAS","Philipp Schneider ps@nilu.no; Simon Hook simon.j.hook@jpl.nasa.gov"
195,"Nettiling",,"Lake","Canada","Northeastern North America",66.76,-70.72,2.00,30.00,20.00,132.00,5064.70,114.00,"satellite","skin-derived bulk temperature","22:00-5:00","JAS","Philipp Schneider ps@nilu.no; Simon Hook simon.j.hook@jpl.nasa.gov"
196,"Neusiedler.See","Ferto","Lake","Austria","Europe",47.75,16.75,20.00,116.00,1.20,1.80,315.00,0.25,"in situ","0","8:00-10:00","JAS","Martin Dokulil martin.dokulil@univie.ac.at "
197,"Neversink",,"Reservoir","United States","Northeastern North America",41.82,-74.64,3.00,438.91,25.80,57.00,6.22,0.15,"in situ","1","9:00-14:00","JAS","Nihar Samal NSamal@dep.nyc.gov"
198,"Newnans",,"Lake","United States","Southeastern North America",29.64,-82.22,4.30,20.00,1.50,3.60,30.42,0.05,"in situ","0","9:00-12:00","JAS","Karl Havens khavens@ufl.edu"
199,"Ngoring","Eling","Lake","China","Asia",34.89,97.71,2.00,4240.00,17.60,30.70,597.80,10.76,"satellite","skin-derived bulk temperature","22:00-5:00","JAS","Philipp Schneider ps@nilu.no; Simon Hook simon.j.hook@jpl.nasa.gov"
200,"Nicaragua",,"Lake","Nicaragua","South America",11.37,-85.20,2.00,31.00,13.75,70.00,7851.50,108.00,"satellite","skin-derived bulk temperature","22:00-5:00","JFM","Philipp Schneider ps@nilu.no; Simon Hook simon.j.hook@jpl.nasa.gov"
201,"Nipigon",,"Lake","Canada","Northeastern North America",49.72,-88.63,2.00,283.00,54.90,165.00,4476.90,248.00,"satellite","skin-derived bulk temperature","22:00-5:00","JAS","Philipp Schneider ps@nilu.no; Simon Hook simon.j.hook@jpl.nasa.gov"
202,"Samsonvale","North.Pine.Dam","Reservoir","Australia","Oceania",-27.26,152.93,7.50,39.60,42.33,24.90,20.75,0.51,"in situ","0","continuous","JFM","Andrew Watkinson Andrew.Watkinson@seqwater.com.au"
203,"OkeechobeeL001",,"Lake","United States","Southeastern North America",27.13,-80.79,6.00,4.00,2.70,4.50,1436.80,5.20,"in situ","0.5","9:00-12:00","JAS","Karl Havens khavens@ufl.edu"
204,"OkeechobeeL002",,"Lake","United States","Southeastern North America",27.08,-80.79,6.00,5.49,2.74,3.66,1891.00,5.18,"in situ","0.5","9:00-12:00","JAS","Karl Havens khavens@ufl.edu"
205,"OkeechobeeL003",,"Lake","United States","Southeastern North America",27.04,-80.70,7.00,5.49,2.74,3.66,1891.00,5.18,"in situ","0.5","9:00-12:00","JAS","Karl Havens khavens@ufl.edu"
206,"OkeechobeeL004",,"Lake","United States","Southeastern North America",26.97,-80.70,7.00,5.49,2.74,3.66,1891.00,5.18,"in situ","0.5","9:00-12:00","JAS","Karl Havens khavens@ufl.edu"
207,"OkeechobeeL005",,"Lake","United States","Southeastern North America",26.95,-80.97,8.00,5.49,2.74,3.66,1891.00,5.18,"in situ","0.5","9:00-12:00","JAS","Karl Havens khavens@ufl.edu"
208,"OkeechobeeL006",,"Lake","United States","Southeastern North America",26.82,-80.78,6.00,5.49,2.74,3.66,1891.00,5.18,"in situ","0.5","9:00-12:00","JAS","Karl Havens khavens@ufl.edu"
209,"OkeechobeeL007",,"Lake","United States","Southeastern North America",26.77,-80.78,6.00,5.49,2.74,3.66,1891.00,5.18,"in situ","0.5","9:00-12:00","JAS","Karl Havens khavens@ufl.edu"
210,"OkeechobeeL008",,"Lake","United States","Southeastern North America",26.95,-80.89,8.00,5.49,2.74,3.66,1891.00,5.18,"in situ","0.5","9:00-12:00","JAS","Karl Havens khavens@ufl.edu"
211,"Onegh","Onega","Lake","Russia","Europe",61.65,35.53,2.00,56.00,30.00,120.00,9608.10,280.00,"satellite","skin-derived bulk temperature","22:00-5:00","JAS","Philipp Schneider ps@nilu.no; Simon Hook simon.j.hook@jpl.nasa.gov"
212,"Oneida_Billington",,"Lake","United States","Northeastern North America",43.17,-75.94,1.50,112.00,4.30,16.80,207.00,1.56,"in situ","0","8:00-12:00","JAS","Amy Hetherington alh11@cornell.edu; Lars Rudstram lgr1@cornell.edu"
213,"Oneida_Buoy_109",,"Lake","United States","Northeastern North America",43.18,-75.77,5.00,112.00,12.00,16.80,207.00,1.56,"in situ","0","8:00-12:00","JAS","Amy Hetherington alh11@cornell.edu; Lars Rudstram lgr1@cornell.edu"
214,"Oneida_Buoy_117",,"Lake","United States","Northeastern North America",43.19,-75.85,5.00,112.00,11.90,16.80,207.00,1.56,"in situ","0","8:00-12:00","JAS","Amy Hetherington alh11@cornell.edu; Lars Rudstram lgr1@cornell.edu"
215,"Oneida_Buoy_123",,"Lake","United States","Northeastern North America",43.20,-75.91,0.80,112.00,7.70,16.80,207.00,1.56,"in situ","0","8:00-12:00","JAS","Amy Hetherington alh11@cornell.edu; Lars Rudstram lgr1@cornell.edu"
216,"Oneida_Buoy_125",,"Lake","United States","Northeastern North America",43.21,-75.92,0.80,112.00,12.10,16.80,207.00,1.56,"in situ","0","8:00-12:00","JAS","Amy Hetherington alh11@cornell.edu; Lars Rudstram lgr1@cornell.edu"
217,"Oneida_Buoy_127",,"Lake","United States","Northeastern North America",43.21,-75.96,3.00,112.00,11.20,16.80,207.00,1.56,"in situ","0","8:00-12:00","JAS","Amy Hetherington alh11@cornell.edu; Lars Rudstram lgr1@cornell.edu"
218,"Oneida_Shackelton_Point",,"Lake","United States","Northeastern North America",43.18,-75.92,1.50,112.00,11.40,16.80,207.00,1.56,"in situ","0","8:00-12:00","JAS","Amy Hetherington alh11@cornell.edu; Lars Rudstram lgr1@cornell.edu"
219,"Oneida_Three_Mile_Bay",,"Lake","United States","Northeastern North America",43.22,-76.04,7.00,112.00,6.40,16.80,207.00,1.56,"in situ","0","8:00-12:00","JAS","Amy Hetherington alh11@cornell.edu; Lars Rudstram lgr1@cornell.edu"
220,"Ontario.Center",,"Lake","Canada","Northeastern North America",43.62,-77.61,2.00,75.00,86.00,224.00,19328.90,1638.00,"satellite","skin-derived bulk temperature","22:00-5:00","JAS","Philipp Schneider ps@nilu.no; Simon Hook simon.j.hook@jpl.nasa.gov"
221,"Orange",,"Lake","United States","Southeastern North America",29.45,-82.17,5.50,17.00,1.90,2.40,48.00,0.09,"in situ","0","9:00-12:00","JAS","Karl Havens khavens@ufl.edu"
222,"Orta",,"Lake","Italy","Europe",45.81,8.40,7.00,290.00,72.00,143.00,18.15,1.24,"in situ","0","10:00-12:00","JAS","Michela Rogora m.rogora@ise.cnr.it"
223,"Ovre Skarjon"," �vre Sk�rj�n","Lake","Sweden","Europe",59.83,15.55,2.00,218.70,5.70,32.00,1.72,9.91e-03,"in situ","0","9:00-11:00","JAS","Gesa  Wehenmeyer Gesa.Weyhenmeyer@ebc.uu.se"
224,"Paajarvi.Lamni",,"lake","Finland","Europe",61.05,25.16,7.00,102.00,15.00,85.00,13.40,0.20,"in situ","0","8:00-16:00","JAS","Lauri Arvola lauri.arvola@helsinki.fi"
225,"Paijanne","Murtoselka, P�ij�nne","Lake","Finland","Europe",61.52,25.50,40.00,78.00,16.00,95.30,1080.00,0.20,"in situ","0","8:00","JAS","Kuusisto esko.kuusisto@ymparisto.fi "
226,"Peipsi.Mehikoorma","Chudskoye, Peipus","Lake","Russia Estonia","Europe",58.23,27.47,25.00,29.00,7.10,15.30,3552.80,25.00,"in situ","0","8:00-20:00","JAS","Tiina and Peeter Noges tiina.noges@emu.ee and peeter.noges@emu.ee"
227,"Peipsi.Mustvee","Chudskoye, Peipus","Lake","Russia Estonia","Europe",58.84,26.95,40.00,29.00,7.10,15.30,3552.80,25.00,"in situ","0","8:00-20:00","JAS","Tiina and Peeter Noges tiina.noges@emu.ee and peeter.noges@emu.ee"
228,"Peipsi.Praaga","Chudskoye, Peipus","Lake","Russia Estonia","Europe",58.43,27.23,25.00,29.00,7.10,15.30,3552.80,25.00,"in situ","0","8:00-20:00","JAS","Tiina and Peeter Noges tiina.noges@emu.ee and peeter.noges@emu.ee"
229,"Pepacton",,"Reservoir","United States","Northeastern North America",42.07,-74.96,10.00,390.14,30.10,68.30,23.19,0.63,"in situ","1","9:00-14:00","JAS","Nihar Samal NSamal@dep.nyc.gov"
230,"PeterPond",,"Lake","Canada","Western North America",56.02,-108.92,2.00,423.00,13.70,24.00,778.00,10.60,"satellite","skin-derived bulk temperature","22:00-5:00","JAS","Philipp Schneider ps@nilu.no; Simon Hook simon.j.hook@jpl.nasa.gov"
231,"Pielavesi",,"Lake","Finland","Europe",63.21,26.66,20.00,102.00,6.00,27.00,110.00,0.66,"in situ","0","8:00","JAS","Esko Kuusisto esko.kuusisto@ymparisto.fi"
232,"Pielinen",,"Lake","Finland","Europe",63.53,29.13,75.00,94.00,9.00,60.00,870.00,8.50,"in situ","0","8:00","JAS","Esko Kuusisto esko.kuusisto@ymparisto.fi"
233,"Plastic",,"Lake","Canada","Northeastern North America",45.18,-78.82,0.50,253.90,7.90,16.30,0.32,3.76e-03,"in situ","0.1","10:00-14:00","JAS","Jim Rusak Jim.Rusak@ontario.ca"
234,"Plusssee",,"Lake","Germany","Europe",54.15,10.38,8.00,24.00,9.40,28.00,0.14,1.35e-03,"in situ","0","8:00-16:00","JAS","Doerthe Mueller-Navarra doerthe.mueller-navarra@uni-hamburg.de"
235,"Poinsett",,"Lake","United States","Southeastern North America",28.33,-80.83,4.00,4.00,1.50,2.50,18.00,0.02,"in situ","0","9:00-12:00","JAS","Karl Havens khavens@ufl.edu"
236,"Poopo",,"Lake","Bolivia","South America",-19.01,-66.96,2.00,3679.00,0.50,3.00,3011.00,3.41,"satellite","skin-derived bulk temperature","22:00-5:00","JAS","Philipp Schneider ps@nilu.no; Simon Hook simon.j.hook@jpl.nasa.gov"
237,"Pyhaselka.Kaskesniemi","Pyh�selk�","Lake","Finland","Europe",62.57,29.66,4.00,75.90,10.00,70.00,229.00,2.29,"in situ","1","9:00-21:00","JAS","Ari Voutilainen ari.voutilainen@uef.fi"
238,"Pyhaselka.Kokonluoto","Pyh�selk�","Lake","Finland","Europe",62.47,29.82,5.70,75.90,10.00,70.00,229.00,2.29,"in situ","1","9:00-21:00","JAS","Ari Voutilainen ari.voutilainen@uef.fi"
239,"Pyhaselka.Noljakansaaret","Pyh�selk�","Lake","Finland","Europe",62.60,29.68,4.00,75.90,10.00,70.00,229.00,2.29,"in situ","1","9:00-21:00","JAS","Ari Voutilainen ari.voutilainen@uef.fi"
240,"Pyhaselka.Pyhasaari","Pyh�selk�.Pyh�saari","Lake","Finland","Europe",62.50,29.73,5.70,75.90,10.00,70.00,229.00,2.29,"in situ","1","9:00-21:00","JAS","Ari Voutilainen ari.voutilainen@uef.fi"
241,"Pyramid.Lake",,"Lake","United States","Western North America",40.10,-119.59,2.00,1161.00,60.00,105.00,448.20,27.00,"satellite","skin-derived bulk temperature","22:00-5:00","JAS","Philipp Schneider ps@nilu.no; Simon Hook simon.j.hook@jpl.nasa.gov"
242,"Qinghai",,"Lake","China","Asia",36.96,100.27,2.00,3176.00,16.00,28.00,4449.70,85.00,"satellite","skin-derived bulk temperature","22:00-5:00","JAS","Philipp Schneider ps@nilu.no; Simon Hook simon.j.hook@jpl.nasa.gov"
243,"Razelm","Razim","Lake","Romania","Europe",44.91,28.94,2.00,1.00,,2.50,508.60,,"satellite","skin-derived bulk temperature","22:00-5:00","JAS","Philipp Schneider ps@nilu.no; Simon Hook simon.j.hook@jpl.nasa.gov"
244,"Red.Chalk.East",,"Lake","Canada","Northeastern North America",45.19,-78.94,0.40,343.00,5.70,19.00,0.13,7.44e-04,"in situ","0.1","10:00-14:00","JAS","Jim Rusak Jim.Rusak@ontario.ca"
245,"Red.Chalk.Main",,"Lake","Canada","Northeastern North America",45.18,-78.94,0.60,343.00,16.70,38.00,0.44,7.36e-03,"in situ","0.1","10:00-14:00","JAS","Jim Rusak Jim.Rusak@ontario.ca"
246,"Reindeer",,"Lake","Canada","Western North America",57.57,-102.14,2.00,337.00,17.00,219.00,5596.60,95.25,"satellite","skin-derived bulk temperature","22:00-5:00","JAS","Philipp Schneider ps@nilu.no; Simon Hook simon.j.hook@jpl.nasa.gov"
247,"Remmarsjon","Remmarsj�n","Lake","Sweden","Europe",63.86,18.27,1.90,234.10,5.20,14.40,1.36,7.02e-03,"in situ","0","9:00-11:00","JAS","Gesa  Wehenmeyer Gesa.Weyhenmeyer@ebc.uu.se"
248,"Rondout",,"Reservoir","United States","Northeastern North America",41.80,-74.42,8.00,256.03,27.30,57.30,8.57,0.22,"in situ","1","9:00-14:00","JAS","Nihar Samal NSamal@dep.nyc.gov"
249,"Rotehogstjarnen","Rotehogstj�rnen","Lake","Sweden","Europe",58.81,11.61,0.70,120.50,3.40,9.40,0.16,5.71e-04,"in situ","0","9:00-11:00","JAS","Gesa  Wehenmeyer Gesa.Weyhenmeyer@ebc.uu.se"
250,"Rotorua",,"Lake","New Zealand","Oceania",-38.08,176.26,5.00,280.00,11.00,44.80,80.47,0.87,"in situ","0","8:00-16:00","JFM","Mat Allan mga1@waikato.ac.nz; David Hamilton davidh@waikato.ac.nz"
251,"Rukwa",,"Lake","Tanzania","Africa",-7.59,31.79,2.00,793.00,,15.00,1965.00,,"satellite","skin-derived bulk temperature","22:00-5:00","JAS","Philipp Schneider ps@nilu.no; Simon Hook simon.j.hook@jpl.nasa.gov"
252,"Rukwa.1",,"Lake","Tanzania","Africa",-7.80,31.99,2.00,793.00,,15.00,1965.00,,"satellite","skin-derived bulk temperature","22:00-5:00","JAS","Philipp Schneider ps@nilu.no; Simon Hook simon.j.hook@jpl.nasa.gov"
253,"Rybinkskoye",,"Reservoir","Russia","Europe",58.41,38.51,2.00,108.00,5.60,28.00,3926.60,25.40,"satellite","skin-derived bulk temperature","22:00-5:00","JAS","Philipp Schneider ps@nilu.no; Simon Hook simon.j.hook@jpl.nasa.gov"
254,"Saimaa",,"Lake","Finland","Europe",61.08,28.26,30.00,76.00,12.00,82.00,4400.00,36.00,"in situ","0","8:00","JAS","Esko Kuusisto esko.kuusisto@ymparisto.fi"
255,"Saint.Clair",,"Lake","Canada United States","Northeastern North America",42.43,-82.71,2.00,174.00,3.40,8.20,1155.80,3.40,"satellite","skin-derived bulk temperature","22:00-5:00","JAS","Philipp Schneider ps@nilu.no; Simon Hook simon.j.hook@jpl.nasa.gov"
256,"Salton.Sea.Center",,"Lake","United States","Western North America",33.24,-115.72,2.00,-74.00,9.20,15.00,929.00,9.25,"satellite","skin-derived bulk temperature","22:00-5:00","JAS","Philipp Schneider ps@nilu.no; Simon Hook simon.j.hook@jpl.nasa.gov"
257,"Salton.Sea.SS1",,"Lake","United States","Western North America",33.22,-115.82,2.00,-74.00,9.20,15.00,929.00,9.25,"satellite","skin-derived bulk temperature","22:00-5:00","JAS","Philipp Schneider ps@nilu.no; Simon Hook simon.j.hook@jpl.nasa.gov"
258,"Sans.Chambre",,"Lake","Canada","Northeastern North America",46.72,-81.12,0.40,385.00,5.60,15.00,0.14,8.3e-04,"in situ","0","9:00-14:00","JAS","Jim Rusak Jim.Rusak@ontario.ca"
259,"Sarykamyshskoye",,"Lake","Turkmenistan","Middle East",41.86,57.50,2.00,-12.00,,,752.40,,"satellite","skin-derived bulk temperature","22:00-5:00","JAS","Philipp Schneider ps@nilu.no; Simon Hook simon.j.hook@jpl.nasa.gov"
260,"Sasykkol",,"Lake","Kazakhstan","Asia",46.57,80.88,2.00,342.00,3.30,4.70,731.90,2.43,"satellite","skin-derived bulk temperature","22:00-5:00","JAS","Philipp Schneider ps@nilu.no; Simon Hook simon.j.hook@jpl.nasa.gov"
261,"Schoharie",,"Reservoir","United States","Northeastern North America",42.39,-74.45,5.00,344.42,18.10,46.60,4.63,0.08,"in situ","1","9:00-14:00","JAS","Nihar Samal NSamal@dep.nyc.gov"
262,"Se.lin","Siling Co","Lake","China","Asia",31.79,89.08,2.00,4557.00,,40.00,1908.50,,"satellite","skin-derived bulk temperature","22:00-5:00","JAS","Philipp Schneider ps@nilu.no; Simon Hook simon.j.hook@jpl.nasa.gov"
263,"Segozero",,"Lake","Russia","Europe",63.27,33.70,2.00,129.00,6.20,103.00,784.10,17.80,"satellite","skin-derived bulk temperature","22:00-5:00","JAS","Philipp Schneider ps@nilu.no; Simon Hook simon.j.hook@jpl.nasa.gov"
264,"Selawik.Lake",,"Lake","United States","Western North America",66.47,-160.52,2.00,1.00,,,1066.20,,"satellite","skin-derived bulk temperature","22:00-5:00","JAS","Philipp Schneider ps@nilu.no; Simon Hook simon.j.hook@jpl.nasa.gov"
265,"Sevan",,"Lake","Armenia","Middle East",40.29,45.40,2.00,1876.00,41.00,86.00,1249.90,58.50,"satellite","skin-derived bulk temperature","22:00-5:00","JAS","Philipp Schneider ps@nilu.no; Simon Hook simon.j.hook@jpl.nasa.gov"
266,"Silvan",,"Lake","Australia","Oceania",-37.83,145.41,3.00,248.00,,40.00,3.33,0.04,"in situ","0","8:00-12:00","JFM","Justin Brookes justin.brookes@adelaide.edu.au"
267,"Simcoe",,"Lake","Canada","Northeastern North America",44.44,-79.35,2.00,233.00,15.00,41.00,759.70,11.60,"satellite","skin-derived bulk temperature","22:00-5:00","JAS","Philipp Schneider ps@nilu.no; Simon Hook simon.j.hook@jpl.nasa.gov"
268,"Skargolen","Sk�rg�len","Lake","Sweden","Europe",57.77,15.58,0.35,72.00,7.00,12.50,0.15,1.08e-03,"in situ","0","9:00-11:00","JAS","Gesa  Wehenmeyer Gesa.Weyhenmeyer@ebc.uu.se"
269,"Sky.Pond",,"Lake","United States","Western North America",40.27,-105.66,0.15,3322.00,4.50,7.30,0.03,1.22e-04,"in situ","0","13:00-15:00","JAS","Jill Baron Jill.Baron@colostate.edu"
270,"Smallwood",,"Reservoir","Canada","Northeastern North America",54.15,-64.00,2.00,472.00,5.16,,5610.40,29.00,"satellite","skin-derived bulk temperature","22:00-5:00","JAS","Philipp Schneider ps@nilu.no; Simon Hook simon.j.hook@jpl.nasa.gov"
271,"Songkhla.Lake","Thale Luang","Lake","Thailand","Asia",7.67,100.23,2.00,67.00,1.40,2.00,1024.50,1.60,"satellite","skin-derived bulk temperature","22:00-5:00","JFM","Philipp Schneider ps@nilu.no; Simon Hook simon.j.hook@jpl.nasa.gov"
272,"South.Para.Reservoir",,"Reservoir","Australia","Oceania",-34.70,138.86,2.80,253.70,11.33,39.00,4.00,0.04,"in situ","10","8:00-12:00","JFM","Rob Daly Rob.Daly@sawater.com.au"
273,"Sparkling",,"lake","United States","Northeastern North America",46.00,-89.70,0.80,494.76,10.70,19.60,0.63,6.84e-03,"in situ","0","9:00-15:00","JAS","NTL LTER, Jordan Read jread@usgs.gov"
274,"St Skarsjon"," �vre Sk�rj�n","Lake","Sweden","Europe",56.67,13.06,1.50,60.00,3.80,11.50,0.31,1.17e-03,"in situ","0","9:00-11:00","JAS","Gesa  Wehenmeyer Gesa.Weyhenmeyer@ebc.uu.se"
275,"St.Jean",,"Reservoir","Canada","Northeastern North America",48.56,-71.96,2.00,97.00,11.40,63.10,1106.20,11.90,"satellite","skin-derived bulk temperature","22:00-5:00","JAS","Philipp Schneider ps@nilu.no; Simon Hook simon.j.hook@jpl.nasa.gov"
276,"Stechlinsee",,"Lake","Germany Brandenburg","Europe",53.16,13.03,3.00,60.00,23.00,68.00,4.30,1.56,"in situ","0","10:00-12:00","JAS","Peter Kasprzak daphnia@igb-berlin.de"
277,"Stensjon","Stensj�n","Lake","Sweden","Europe",58.09,14.83,0.50,268.00,4.20,8.50,0.56,2.41e-03,"in situ","0","9:00-11:00","JAS","Gesa  Wehenmeyer Gesa.Weyhenmeyer@ebc.uu.se"
278,"Stora Envattern","Stora Env�ttern","Lake","Sweden","Europe",59.11,17.35,1.00,62.00,5.00,11.20,0.37,1.85e-03,"in situ","0","9:00-11:00","JAS","Gesa  Wehenmeyer Gesa.Weyhenmeyer@ebc.uu.se"
279,"Sugarloaf",,"Reservoir","Australia","Oceania",-37.10,143.40,0.13,178.00,21.90,77.70,4.40,0.09,"in situ","0","8:00-12:00","JFM","Justin Brookes justin.brookes@adelaide.edu.au"
280,"Superior.B45001",,"Lake","Canada United States","Northeastern North America",48.04,-87.77,30.00,184.00,148.00,406.00,81935.70,12221.00,"in situ","0","continuous","JAS","Jay Austin jaustin@d.umn.edu; Phillip Schneider ps@nilu.no"
281,"Superior.B45004",,"Lake","Canada United States","Northeastern North America",47.58,-86.58,30.00,184.00,148.00,406.00,81935.70,12221.00,"in situ","0","continuous","JAS","Jay Austin jaustin@d.umn.edu; Phillip Schneider ps@nilu.no"
282,"Superior.B45006",,"Lake","Canada United States","Northeastern North America",47.33,-89.79,30.00,184.00,148.00,406.00,81935.70,12221.00,"in situ","0","continuous","JAS","Jay Austin jaustin@d.umn.edu; Phillip Schneider ps@nilu.no"
283,"Superior.Center",,"Lake","Canada United States","Northeastern North America",48.05,-87.09,2.00,184.00,148.00,406.00,81935.70,12221.00,"satellite","skin-derived bulk temperature","22:00-5:00","JAS","Philipp Schneider ps@nilu.no; Simon Hook simon.j.hook@jpl.nasa.gov"
284,"Swan",,"Lake","Canada","Northeastern North America",46.36,-81.06,0.30,286.00,2.80,8.80,0.05,1.62e-04,"in situ","0","9:00-14:00","JAS","Jim Rusak Jim.Rusak@ontario.ca"
285,"Tahoe.Index",,"Lake","United States","Western North America",39.11,-120.03,2.50,1897.00,305.00,501.00,495.00,151.00,"in situ","0","10:00","JAS","Geoff Schladow gschladow@ucdavis.edu"
286,"Tahoe.Mid.Lake",,"Lake","United States","Western North America",39.13,-120.05,2.50,1996.00,305.00,501.00,484.70,156.00,"in situ","0","10:00","JAS","Geoff Schladow gschladow@ucdavis.edu"
287,"Tahoe.TB1",,"Lake","United States","Western North America",39.15,-120.00,2.00,1996.00,305.00,501.00,484.70,156.00,"satellite","skin-derived bulk temperature","22:00-5:00","JAS","Philipp Schneider ps@nilu.no; Simon Hook simon.j.hook@jpl.nasa.gov"
288,"Tahoe.TB2",,"Lake","United States","Western North America",39.10,-120.01,2.00,1996.00,305.00,501.00,484.70,156.00,"satellite","skin-derived bulk temperature","22:00-5:00","JAS","Philipp Schneider ps@nilu.no; Simon Hook simon.j.hook@jpl.nasa.gov"
289,"Tahoe.TB3",,"Lake","United States","Western North America",39.11,-120.07,2.00,1996.00,305.00,501.00,484.70,156.00,"satellite","skin-derived bulk temperature","22:00-5:00","JAS","Philipp Schneider ps@nilu.no; Simon Hook simon.j.hook@jpl.nasa.gov"
290,"Tahoe.TB4",,"Lake","United States","Western North America",39.15,-120.07,2.00,1996.00,305.00,501.00,484.70,156.00,"satellite","skin-derived bulk temperature","22:00-5:00","JAS","Philipp Schneider ps@nilu.no; Simon Hook simon.j.hook@jpl.nasa.gov"
291,"Taihu.B1","Tai","Lake","China","Asia",31.51,120.19,2.00,2.00,1.90,2.60,2398.50,4.30,"in situ","0.5","7:30-11:00","JAS","Katrin Teubner katrin.teubner@univie.ac.at"
292,"Taihu.B2","Tai","Lake","China","Asia",31.48,120.19,3.00,2.00,1.90,2.60,2398.50,4.30,"in situ","0.5","7:30-11:00","JAS","Katrin Teubner katrin.teubner@univie.ac.at"
293,"Taihu.C7","Tai","Lake","China","Asia",31.30,120.14,6.50,2.00,1.90,2.60,2398.50,4.30,"in situ","0.5","7:30-11:00","JAS","Katrin Teubner katrin.teubner@univie.ac.at"
294,"Taihu.C8","Tai","Lake","China","Asia",31.25,120.11,6.50,2.00,1.90,2.60,2398.50,4.30,"in situ","0.5","7:30-11:00","JAS","Katrin Teubner katrin.teubner@univie.ac.at"
295,"Tana","T ana","Lake","Ethiopia","Africa",12.07,37.38,2.00,1786.00,9.00,14.00,3034.70,28.00,"satellite","skin-derived bulk temperature","22:00-5:00","JFM","Philipp Schneider ps@nilu.no; Simon Hook simon.j.hook@jpl.nasa.gov"
296,"Tanganyika",,"Lake","Zaire Tanzania Zambia Burundi","Africa",-6.79,30.07,2.00,773.00,572.00,1471.00,32820.50,17800.00,"in situ","0","10:00-12:00","JAS","Pierre-Denis Plisnier pierre-denis.plisnier@africamuseum.be; CatherineOreilly cmoreil@ilstu.edu; Piet Verburg piet.verburg@niwa.co.nz; Peter McIntyre pmcintyre@wisc.edu"
297,"Tarawera",,"Lake","New Zealand","Oceania",-38.20,176.42,7.00,298.00,57.00,87.50,39.00,2.30,"in situ","0.2","11:00","JFM","Mat Allan mat.g.allan@gmail.com; David Hamilton davidh@waikato.ac.nz"
298,"Taupo",,"Lake","New Zealand","Oceania",-38.79,175.92,22.00,395.00,110.00,186.00,600.50,60.00,"in situ","1","11:00","JFM","Piet Verburg piet.verburg@niwa.co.nz"
299,"Taymyr",,"Lake","Russia","Asia",74.40,101.69,2.00,24.00,2.80,26.00,4200.10,12.80,"satellite","skin-derived bulk temperature","22:00-5:00","JAS","Philipp Schneider ps@nilu.no; Simon Hook simon.j.hook@jpl.nasa.gov"
300,"Teshekpuk",,"Lake","United States","Western North America",70.60,-153.61,2.00,2.00,,10.00,834.90,,"satellite","skin-derived bulk temperature","22:00-5:00","JAS","Philipp Schneider ps@nilu.no; Simon Hook simon.j.hook@jpl.nasa.gov"
301,"Titicaca",,"Lake","Peru Bolivia","South America",-15.78,-69.40,2.00,3827.00,107.00,281.00,8270.60,893.00,"satellite","skin-derived bulk temperature","22:00-5:00","JAS","Philipp Schneider ps@nilu.no; Simon Hook simon.j.hook@jpl.nasa.gov"
302,"Tod",,"Reservoir","Australia","Oceania",-34.48,135.85,0.90,113.10,8.43,,1.34,0.01,"in situ","0","8:00-12:00","JFM","Rob Daly Rob.Daly@sawater.com.au"
303,"Toolik.JJA",,"Lake","United States","Western North America",68.63,-149.60,1.00,719.00,1.70,25.00,1.50,0.01,"in situ","0","9:00-11:00","JJA","Arctic LTER, Sally MacIntyre sally@eri.ucsb.edu"
304,"Trout",,"Lake","United States","Northeastern North America",46.03,-89.66,2.00,491.00,14.60,35.70,14.20,0.20,"in situ","0","9:00-15:00","JAS","NTL LTER, Jordan Read jread@usgs.gov"
305,"Tsimlyanskoye",,"Reservoir","Russia","Europe",47.71,42.37,2.00,28.00,8.80,35.00,2242.40,23.70,"satellite","skin-derived bulk temperature","22:00-5:00","JAS","Philipp Schneider ps@nilu.no; Simon Hook simon.j.hook@jpl.nasa.gov"
306,"Tulemalu",,"Lake","Canada","Northeastern North America",62.95,-99.34,2.00,279.00,,,656.80,,"satellite","skin-derived bulk temperature","22:00-5:00","JAS","Philipp Schneider ps@nilu.no; Simon Hook simon.j.hook@jpl.nasa.gov"
307,"Tumba",,"Lake","Zaire","Africa",-0.68,18.01,2.00,338.00,,5.00,697.00,,"satellite","skin-derived bulk temperature","22:00-5:00","JAS","Philipp Schneider ps@nilu.no; Simon Hook simon.j.hook@jpl.nasa.gov"
308,"Turkana",,"Lake","Kenya Ethiopia","Africa",3.78,36.04,2.00,438.00,30.20,109.00,7785.40,203.60,"satellite","skin-derived bulk temperature","22:00-5:00","JFM","Philipp Schneider ps@nilu.no; Simon Hook simon.j.hook@jpl.nasa.gov"
309,"Upper.Yarra",,"Reservoir","Australia","Oceania",-37.68,145.92,5.00,366.60,26.70,80.60,7.50,0.20,"in situ","0","continuous","JFM","Shane Haydon shane.haydon@melbournewater.com.au"
310,"Ulungar","Wu Lun Gu Hu","Lake","China","Asia",47.24,87.21,2.00,452.00,8.00,12.00,757.00,6.06,"satellite","skin-derived bulk temperature","22:00-5:00","JAS","Philipp Schneider ps@nilu.no; Simon Hook simon.j.hook@jpl.nasa.gov"
311,"Upemba",,"Lake","Zaire","Africa",-8.62,26.40,2.00,586.00,1.00,4.00,573.00,0.90,"satellite","skin-derived bulk temperature","22:00-5:00","JAS","Philipp Schneider ps@nilu.no; Simon Hook simon.j.hook@jpl.nasa.gov"
312,"Constance.Upper",,"Lake","Germany","Europe",47.65,9.30,1.00,395.00,101.00,254.00,472.00,48.53,"in situ","1","9:00-10:00","JAS","Dietmar Straile Dietmar.Straile@uni-konstanz.de"
313,"Zurich.Upper",,"Lake","Switzerland","Europe",47.20,8.83,7.00,406.00,19.60,48.00,21.69,0.42,"in situ","0","8:00-16:00","JAS","David Livingstone living@eawag.ch; Oliver K�ster oliver.koester@zuerich.ch; Pius Niderhauser pius.niederhauser@bd.zh.ch"
314,"Urmia",,"Lake","Iran","Middle East",37.92,45.24,2.00,1271.00,5.00,16.00,4963.40,45.00,"satellite","skin-derived bulk temperature","22:00-5:00","JAS","Philipp Schneider ps@nilu.no; Simon Hook simon.j.hook@jpl.nasa.gov"
315,"Uvs",,"Lake","Mongolia Russia","Asia",50.30,92.70,2.00,752.00,6.00,10.00,3421.50,39.60,"satellite","skin-derived bulk temperature","22:00-5:00","JAS","Philipp Schneider ps@nilu.no; Simon Hook simon.j.hook@jpl.nasa.gov"
316,"Valkea.Kotinen",,"lake","Finland","Europe",61.24,25.06,0.30,154.00,2.50,6.50,0.04,1.0e-04,"in situ","0","10:00-11:00","JAS","Lauri Arvola lauri.arvola@helsinki.fi"
317,"Van",,"Lake","Turkey","Middle East",38.63,42.69,2.00,1638.00,171.00,451.00,3537.90,607.00,"satellite","skin-derived bulk temperature","22:00-5:00","JAS","Philipp Schneider ps@nilu.no; Simon Hook simon.j.hook@jpl.nasa.gov"
318,"Vanern","V�nern","Lake","Sweden","Europe",59.06,13.60,75.00,45.00,27.00,106.00,5650.00,153.00,"in situ","0","9:00-11:00","JAS","Gesa  Wehenmeyer Gesa.Weyhenmeyer@ebc.uu.se"
319,"Vattern",,"Lake","Sweden","Europe",58.60,14.72,2.00,91.00,40.00,128.00,1890.00,74.00,"satellite","skin-derived bulk temperature","22:00-5:00","JAS","Philipp Schneider ps@nilu.no; Simon Hook simon.j.hook@jpl.nasa.gov"
320,"Vattern.at.Motala.Kraftverk",,"Lake","Sweden","Europe",58.53,14.93,3.00,91.00,40.00,128.00,1890.00,74.00,"in situ","5","9:00-11:00","JAS","Gesa  Wehenmeyer Gesa.Weyhenmeyer@ebc.uu.se"
321,"Vattern.at.Rassnas",,"Lake","Sweden","Europe",58.52,14.98,3.00,91.00,40.00,128.00,1890.00,74.00,"in situ","5","9:00-11:00","JAS","Gesa  Wehenmeyer Gesa.Weyhenmeyer@ebc.uu.se"
322,"Vattern.at.Vadstena",,"Lake","Sweden","Europe",58.50,14.91,3.50,91.00,40.00,128.00,1890.00,74.00,"in situ","5","9:00-11:00","JAS","Gesa  Wehenmeyer Gesa.Weyhenmeyer@ebc.uu.se"
323,"Victoria",,"Lake","Tanzania Uganda Kenya","Africa",-0.95,33.03,2.00,1140.00,40.00,84.00,67075.20,2750.00,"satellite","skin-derived bulk temperature","22:00-5:00","JAS","Philipp Schneider ps@nilu.no; Simon Hook simon.j.hook@jpl.nasa.gov"
324,"Viedma",,"Lake","Argentina","South America",-49.55,-72.81,2.00,297.00,2.57,,1047.40,2.70,"satellite","skin-derived bulk temperature","22:00-5:00","JFM","Philipp Schneider ps@nilu.no; Simon Hook simon.j.hook@jpl.nasa.gov"
325,"Vortsjarv","V�rtsj�rv","Lake","Estonia","Europe",58.26,26.03,17.00,33.60,2.80,6.00,270.00,0.76,"in situ","0","8:00-20:00","JAS","Tiina and Peeter Noges tiina.noges@emu.ee and peeter.noges@emu.ee"
326,"Walenstadt",,"Lake","Switzerland","Europe",47.12,9.21,8.00,419.00,104.50,151.00,24.13,2.52,"in situ","0",,"JAS","David Livingstone living@eawag.ch; Oliver K�ster oliver.koester@zuerich.ch; Pius Niderhauser pius.niederhauser@bd.zh.ch"
327,"Walker.Lake",,"Lake","United States","Western North America",38.71,-118.71,2.00,1206.00,19.30,26.30,165.50,3.19,"satellite","skin-derived bulk temperature","22:00-5:00","JAS","Philipp Schneider ps@nilu.no; Simon Hook simon.j.hook@jpl.nasa.gov"
328,"Warren",,"Reservoir","Australia","Oceania",-34.71,138.93,1.50,395.80,4.56,13.80,1.05,4.8e-03,"in situ","0","8:00-12:00","JFM","Rob Daly Rob.Daly@sawater.com.au"
329,"Washington",,"Lake","United States","Western North America",47.63,-122.26,14.00,4.90,32.90,65.20,87.60,2.89,"in situ","0","10:00-18:00","JAS","Daniel Schindler deschind@uw.edu"
330,"Washington_FL",,"Lake","United States","Southeastern North America",28.14,-80.74,4.00,4.88,,,17.65,,"in situ","0","9:00-12:00","JAS","Karl Havens khavens@ufl.edu"
332,"Whitepine",,"Lake","Canada","Northeastern North America",47.38,-80.61,1.50,422.00,7.00,22.00,0.84,5.92e-03,"in situ","0","9:00-14:00","JAS","John Bailey jbailey@laurentian.ca"
333,"Wingecarribee",,"Reservoir","Australia","Oceania",-34.54,150.48,2.00,677.50,4.10,12.00,6.26,0.02,"in situ","0","8:00-12:00","JFM","Tracey Schultz Tracey.Schultz@sca.nsw.gov.au"
334,"Wingra",,"Lake","United States","Northeastern North America",43.05,-89.41,1.30,257.86,2.70,6.70,1.39,3.77e-03,"in situ","0","9:00-15:00","JAS","NTL LTER, Jordan Read jread@usgs.gov"
335,"Winnebago",,"Lake","United States","Northeastern North America",44.02,-88.41,2.00,229.00,4.70,7.00,526.10,4.10,"satellite","skin-derived bulk temperature","22:00-5:00","JAS","Philipp Schneider ps@nilu.no; Simon Hook simon.j.hook@jpl.nasa.gov"
336,"Winnipeg",,"Lake","Canada","Northeastern North America",53.39,-98.39,2.00,217.00,12.00,36.00,23809.30,284.00,"satellite","skin-derived bulk temperature","22:00-5:00","JAS","Philipp Schneider ps@nilu.no; Simon Hook simon.j.hook@jpl.nasa.gov"
337,"Winnipegosis",,"Lake","Canada","Northeastern North America",52.66,-99.86,2.00,252.00,4.24,18.30,5167.10,19.80,"satellite","skin-derived bulk temperature","22:00-5:00","JAS","Philipp Schneider ps@nilu.no; Simon Hook simon.j.hook@jpl.nasa.gov"
338,"Woerther.See",,"Lake","Austria","Europe",46.63,14.15,0.20,439.00,41.90,85.20,19.39,0.81,"in situ","0","8:00-10:00","JAS","Martin Dokulil martin.dokulil@univie.ac.at "
339,"Yan.Yean",,"Reservoir","Australia","Oceania",-37.55,145.14,2.30,183.20,5.40,8.40,5.60,0.03,"in situ","0","continuous","JFM","Shane Haydon shane.haydon@melbournewater.com.au"
340,"Zaysan",,"Reservoir","Kazakhstan","Asia",47.88,84.25,2.00,379.00,5.00,15.00,4470.50,53.00,"satellite","skin-derived bulk temperature","22:00-5:00","JAS","Philipp Schneider ps@nilu.no; Simon Hook simon.j.hook@jpl.nasa.gov"
341,"Zeyskoye",,"Reservoir","Russia","Asia",54.43,127.70,2.00,271.00,34.82,93.00,1964.00,68.40,"satellite","skin-derived bulk temperature","22:00-5:00","JAS","Philipp Schneider ps@nilu.no; Simon Hook simon.j.hook@jpl.nasa.gov"
342,"Baikal.South",,"Lake","Russia","Asia",51.64,104.71,2.00,450.00,730.00,1637.00,31924.60,23000.00,"satellite","skin-derived bulk temperature","22:00-5:00","JAS","Philipp Schneider ps@nilu.no; Simon Hook simon.j.hook@jpl.nasa.gov"
343,"Biwa.ko",,"Lake","Japan","Asia",35.33,136.17,2.00,69.00,41.00,104.00,658.50,27.50,"satellite","skin-derived bulk temperature","22:00-5:00","JAS","Philipp Schneider ps@nilu.no; Simon Hook simon.j.hook@jpl.nasa.gov"
344,"Garda",,"Lake","Italy","Europe",45.53,10.64,2.00,65.00,133.00,350.00,368.00,49.00,"satellite","skin-derived bulk temperature","22:00-5:00","JAS","Philipp Schneider ps@nilu.no; Simon Hook simon.j.hook@jpl.nasa.gov"
345,"Geneva",,"Lake","Switzerland France","Europe",46.46,6.58,2.00,372.05,152.70,309.70,580.10,88.90,"satellite","skin-derived bulk temperature","22:00-5:00","JAS","Philipp Schneider ps@nilu.no; Simon Hook simon.j.hook@jpl.nasa.gov"
346,"Peipsi","Chudskoye Peipus","Lake","Russia Estonia","Europe",58.79,27.43,2.00,29.00,7.10,15.30,3552.80,25.00,"satellite","skin-derived bulk temperature","22:00-5:00","JAS","Philipp Schneider ps@nilu.no; Simon Hook simon.j.hook@jpl.nasa.gov"
347,"Tanganyika",,"Lake","Zaire Tanzania Zambia Burundi","Africa",-6.79,30.07,2.00,773.00,572.00,1471.00,32820.50,17800.00,"satellite","skin-derived bulk temperature","22:00-5:00","JAS","Philipp Schneider ps@nilu.no; Simon Hook simon.j.hook@jpl.nasa.gov"
348,"Okeechobee",,"Lake","United States","Southeastern North America",26.92,-80.80,2.00,4.00,2.70,4.50,1436.80,5.20,"satellite","skin-derived bulk temperature","22:00-5:00","JAS","Philipp Schneider ps@nilu.no; Simon Hook simon.j.hook@jpl.nasa.gov"
349,"Taihu",,"Lake","China","Asia",31.23,120.12,2.00,2.00,1.90,2.60,2398.50,4.30,"satellite","skin-derived bulk temperature","22:00-5:00","JAS","Philipp Schneider ps@nilu.no; Simon Hook simon.j.hook@jpl.nasa.gov"
